./dataset/A. Segmentation/2. All Segmentation Groundtruths/b. Testing Set/2. Haemorrhages\IDRiD_55_HE.tif,2348,1929,2402,1986,mic
./dataset/A. Segmentation/2. All Segmentation Groundtruths/b. Testing Set/2. Haemorrhages\IDRiD_55_HE.tif,2717,1853,2762,1907,mic
./dataset/A. Segmentation/2. All Segmentation Groundtruths/b. Testing Set/2. Haemorrhages\IDRiD_55_HE.tif,2535,1695,2736,1872,mic
./dataset/A. Segmentation/2. All Segmentation Groundtruths/b. Testing Set/2. Haemorrhages\IDRiD_55_HE.tif,3022,1659,3071,1706,mic
./dataset/A. Segmentation/2. All Segmentation Groundtruths/b. Testing Set/2. Haemorrhages\IDRiD_55_HE.tif,2759,1637,2902,1778,mic
./dataset/A. Segmentation/2. All Segmentation Groundtruths/b. Testing Set/2. Haemorrhages\IDRiD_55_HE.tif,2474,1573,2569,1652,mic
./dataset/A. Segmentation/2. All Segmentation Groundtruths/b. Testing Set/2. Haemorrhages\IDRiD_55_HE.tif,2265,1536,2325,1603,mic
./dataset/A. Segmentation/2. All Segmentation Groundtruths/b. Testing Set/2. Haemorrhages\IDRiD_55_HE.tif,1991,1030,2046,1111,mic
./dataset/A. Segmentation/2. All Segmentation Groundtruths/b. Testing Set/2. Haemorrhages\IDRiD_55_HE.tif,1419,819,1473,874,mic
./dataset/A. Segmentation/2. All Segmentation Groundtruths/b. Testing Set/2. Haemorrhages\IDRiD_55_HE.tif,1975,546,2358,846,mic
./dataset/A. Segmentation/2. All Segmentation Groundtruths/b. Testing Set/2. Haemorrhages\IDRiD_56_HE.tif,1130,2424,1371,2683,mic
./dataset/A. Segmentation/2. All Segmentation Groundtruths/b. Testing Set/2. Haemorrhages\IDRiD_56_HE.tif,973,2346,1075,2465,mic
./dataset/A. Segmentation/2. All Segmentation Groundtruths/b. Testing Set/2. Haemorrhages\IDRiD_56_HE.tif,2764,2079,3007,2210,mic
./dataset/A. Segmentation/2. All Segmentation Groundtruths/b. Testing Set/2. Haemorrhages\IDRiD_56_HE.tif,1150,2075,1260,2224,mic
./dataset/A. Segmentation/2. All Segmentation Groundtruths/b. Testing Set/2. Haemorrhages\IDRiD_56_HE.tif,662,1966,707,2080,mic
./dataset/A. Segmentation/2. All Segmentation Groundtruths/b. Testing Set/2. Haemorrhages\IDRiD_56_HE.tif,2055,1944,2307,2159,mic
./dataset/A. Segmentation/2. All Segmentation Groundtruths/b. Testing Set/2. Haemorrhages\IDRiD_56_HE.tif,2936,1937,3000,1996,mic
./dataset/A. Segmentation/2. All Segmentation Groundtruths/b. Testing Set/2. Haemorrhages\IDRiD_56_HE.tif,2704,1836,2756,1877,mic
./dataset/A. Segmentation/2. All Segmentation Groundtruths/b. Testing Set/2. Haemorrhages\IDRiD_56_HE.tif,1168,1693,1214,1743,mic
./dataset/A. Segmentation/2. All Segmentation Groundtruths/b. Testing Set/2. Haemorrhages\IDRiD_56_HE.tif,1100,1607,1153,1676,mic
./dataset/A. Segmentation/2. All Segmentation Groundtruths/b. Testing Set/2. Haemorrhages\IDRiD_56_HE.tif,3431,1414,3496,1450,mic
./dataset/A. Segmentation/2. All Segmentation Groundtruths/b. Testing Set/2. Haemorrhages\IDRiD_56_HE.tif,288,1116,430,1254,mic
./dataset/A. Segmentation/2. All Segmentation Groundtruths/b. Testing Set/2. Haemorrhages\IDRiD_56_HE.tif,3068,1028,3207,1139,mic
./dataset/A. Segmentation/2. All Segmentation Groundtruths/b. Testing Set/2. Haemorrhages\IDRiD_56_HE.tif,3088,940,3144,975,mic
./dataset/A. Segmentation/2. All Segmentation Groundtruths/b. Testing Set/2. Haemorrhages\IDRiD_56_HE.tif,2724,775,2819,875,mic
./dataset/A. Segmentation/2. All Segmentation Groundtruths/b. Testing Set/2. Haemorrhages\IDRiD_56_HE.tif,1223,700,1400,788,mic
./dataset/A. Segmentation/2. All Segmentation Groundtruths/b. Testing Set/2. Haemorrhages\IDRiD_56_HE.tif,3128,594,3174,638,mic
./dataset/A. Segmentation/2. All Segmentation Groundtruths/b. Testing Set/2. Haemorrhages\IDRiD_56_HE.tif,2831,252,3201,621,mic
./dataset/A. Segmentation/2. All Segmentation Groundtruths/b. Testing Set/2. Haemorrhages\IDRiD_56_HE.tif,2976,194,3025,251,mic
./dataset/A. Segmentation/2. All Segmentation Groundtruths/b. Testing Set/2. Haemorrhages\IDRiD_56_HE.tif,2182,0,2273,51,mic
./dataset/A. Segmentation/2. All Segmentation Groundtruths/b. Testing Set/2. Haemorrhages\IDRiD_56_HE.tif,2372,-1,2482,82,mic
./dataset/A. Segmentation/2. All Segmentation Groundtruths/b. Testing Set/2. Haemorrhages\IDRiD_57_HE.tif,431,1906,457,1965,mic
./dataset/A. Segmentation/2. All Segmentation Groundtruths/b. Testing Set/2. Haemorrhages\IDRiD_57_HE.tif,1743,864,1783,895,mic
./dataset/A. Segmentation/2. All Segmentation Groundtruths/b. Testing Set/2. Haemorrhages\IDRiD_57_HE.tif,1767,833,1793,850,mic
./dataset/A. Segmentation/2. All Segmentation Groundtruths/b. Testing Set/2. Haemorrhages\IDRiD_57_HE.tif,1756,129,1800,172,mic
./dataset/A. Segmentation/2. All Segmentation Groundtruths/b. Testing Set/2. Haemorrhages\IDRiD_58_HE.tif,2732,2645,2799,2685,mic
./dataset/A. Segmentation/2. All Segmentation Groundtruths/b. Testing Set/2. Haemorrhages\IDRiD_58_HE.tif,1876,2180,1939,2219,mic
./dataset/A. Segmentation/2. All Segmentation Groundtruths/b. Testing Set/2. Haemorrhages\IDRiD_58_HE.tif,3132,2088,3218,2181,mic
./dataset/A. Segmentation/2. All Segmentation Groundtruths/b. Testing Set/2. Haemorrhages\IDRiD_58_HE.tif,2972,2065,3049,2124,mic
./dataset/A. Segmentation/2. All Segmentation Groundtruths/b. Testing Set/2. Haemorrhages\IDRiD_58_HE.tif,3075,2045,3135,2122,mic
./dataset/A. Segmentation/2. All Segmentation Groundtruths/b. Testing Set/2. Haemorrhages\IDRiD_58_HE.tif,3143,1942,3233,2031,mic
./dataset/A. Segmentation/2. All Segmentation Groundtruths/b. Testing Set/2. Haemorrhages\IDRiD_58_HE.tif,1677,1871,1730,1918,mic
./dataset/A. Segmentation/2. All Segmentation Groundtruths/b. Testing Set/2. Haemorrhages\IDRiD_58_HE.tif,2418,1862,2514,1936,mic
./dataset/A. Segmentation/2. All Segmentation Groundtruths/b. Testing Set/2. Haemorrhages\IDRiD_58_HE.tif,2798,1484,2981,1728,mic
./dataset/A. Segmentation/2. All Segmentation Groundtruths/b. Testing Set/2. Haemorrhages\IDRiD_58_HE.tif,1911,984,1997,1074,mic
./dataset/A. Segmentation/2. All Segmentation Groundtruths/b. Testing Set/2. Haemorrhages\IDRiD_58_HE.tif,733,741,822,874,mic
./dataset/A. Segmentation/2. All Segmentation Groundtruths/b. Testing Set/2. Haemorrhages\IDRiD_58_HE.tif,2654,715,2780,833,mic
./dataset/A. Segmentation/2. All Segmentation Groundtruths/b. Testing Set/2. Haemorrhages\IDRiD_58_HE.tif,1323,689,1453,860,mic
./dataset/A. Segmentation/2. All Segmentation Groundtruths/b. Testing Set/2. Haemorrhages\IDRiD_58_HE.tif,1968,374,2023,427,mic
./dataset/A. Segmentation/2. All Segmentation Groundtruths/b. Testing Set/2. Haemorrhages\IDRiD_59_HE.tif,2249,2397,2311,2440,mic
./dataset/A. Segmentation/2. All Segmentation Groundtruths/b. Testing Set/2. Haemorrhages\IDRiD_59_HE.tif,1119,2145,1187,2218,mic
./dataset/A. Segmentation/2. All Segmentation Groundtruths/b. Testing Set/2. Haemorrhages\IDRiD_59_HE.tif,1029,2012,1116,2097,mic
./dataset/A. Segmentation/2. All Segmentation Groundtruths/b. Testing Set/2. Haemorrhages\IDRiD_59_HE.tif,875,1606,1018,1824,mic
./dataset/A. Segmentation/2. All Segmentation Groundtruths/b. Testing Set/2. Haemorrhages\IDRiD_59_HE.tif,2322,1526,2447,1616,mic
./dataset/A. Segmentation/2. All Segmentation Groundtruths/b. Testing Set/2. Haemorrhages\IDRiD_59_HE.tif,2341,1429,2466,1515,mic
./dataset/A. Segmentation/2. All Segmentation Groundtruths/b. Testing Set/2. Haemorrhages\IDRiD_59_HE.tif,1008,1000,1079,1079,mic
./dataset/A. Segmentation/2. All Segmentation Groundtruths/b. Testing Set/2. Haemorrhages\IDRiD_59_HE.tif,1625,901,1771,1004,mic
./dataset/A. Segmentation/2. All Segmentation Groundtruths/b. Testing Set/2. Haemorrhages\IDRiD_59_HE.tif,1734,861,1806,944,mic
./dataset/A. Segmentation/2. All Segmentation Groundtruths/b. Testing Set/2. Haemorrhages\IDRiD_59_HE.tif,1058,861,1102,920,mic
./dataset/A. Segmentation/2. All Segmentation Groundtruths/b. Testing Set/2. Haemorrhages\IDRiD_59_HE.tif,1049,815,1079,861,mic
./dataset/A. Segmentation/2. All Segmentation Groundtruths/b. Testing Set/2. Haemorrhages\IDRiD_59_HE.tif,1597,694,1659,720,mic
./dataset/A. Segmentation/2. All Segmentation Groundtruths/b. Testing Set/2. Haemorrhages\IDRiD_59_HE.tif,864,629,962,712,mic
./dataset/A. Segmentation/2. All Segmentation Groundtruths/b. Testing Set/2. Haemorrhages\IDRiD_59_HE.tif,1370,628,1464,731,mic
./dataset/A. Segmentation/2. All Segmentation Groundtruths/b. Testing Set/2. Haemorrhages\IDRiD_59_HE.tif,1957,325,2046,400,mic
./dataset/A. Segmentation/2. All Segmentation Groundtruths/b. Testing Set/2. Haemorrhages\IDRiD_59_HE.tif,1989,242,2042,283,mic
./dataset/A. Segmentation/2. All Segmentation Groundtruths/b. Testing Set/2. Haemorrhages\IDRiD_60_HE.tif,1255,2538,1313,2570,mic
./dataset/A. Segmentation/2. All Segmentation Groundtruths/b. Testing Set/2. Haemorrhages\IDRiD_60_HE.tif,1405,2524,1450,2565,mic
./dataset/A. Segmentation/2. All Segmentation Groundtruths/b. Testing Set/2. Haemorrhages\IDRiD_60_HE.tif,994,2348,1023,2399,mic
./dataset/A. Segmentation/2. All Segmentation Groundtruths/b. Testing Set/2. Haemorrhages\IDRiD_60_HE.tif,2728,2213,2804,2274,mic
./dataset/A. Segmentation/2. All Segmentation Groundtruths/b. Testing Set/2. Haemorrhages\IDRiD_60_HE.tif,2772,2141,2876,2285,mic
./dataset/A. Segmentation/2. All Segmentation Groundtruths/b. Testing Set/2. Haemorrhages\IDRiD_60_HE.tif,2606,2137,2692,2230,mic
./dataset/A. Segmentation/2. All Segmentation Groundtruths/b. Testing Set/2. Haemorrhages\IDRiD_60_HE.tif,2819,2063,2865,2126,mic
./dataset/A. Segmentation/2. All Segmentation Groundtruths/b. Testing Set/2. Haemorrhages\IDRiD_60_HE.tif,2696,2033,2802,2135,mic
./dataset/A. Segmentation/2. All Segmentation Groundtruths/b. Testing Set/2. Haemorrhages\IDRiD_60_HE.tif,2567,1904,2632,1961,mic
./dataset/A. Segmentation/2. All Segmentation Groundtruths/b. Testing Set/2. Haemorrhages\IDRiD_60_HE.tif,1716,1526,1770,1585,mic
./dataset/A. Segmentation/2. All Segmentation Groundtruths/b. Testing Set/2. Haemorrhages\IDRiD_60_HE.tif,1631,1520,1726,1608,mic
./dataset/A. Segmentation/2. All Segmentation Groundtruths/b. Testing Set/2. Haemorrhages\IDRiD_60_HE.tif,2725,1166,2833,1281,mic
./dataset/A. Segmentation/2. All Segmentation Groundtruths/b. Testing Set/2. Haemorrhages\IDRiD_60_HE.tif,2447,1157,2490,1197,mic
./dataset/A. Segmentation/2. All Segmentation Groundtruths/b. Testing Set/2. Haemorrhages\IDRiD_60_HE.tif,2280,939,2324,982,mic
./dataset/A. Segmentation/2. All Segmentation Groundtruths/b. Testing Set/2. Haemorrhages\IDRiD_60_HE.tif,2849,719,2891,779,mic
./dataset/A. Segmentation/2. All Segmentation Groundtruths/b. Testing Set/2. Haemorrhages\IDRiD_61_HE.tif,1125,2591,1452,2847,mic
./dataset/A. Segmentation/2. All Segmentation Groundtruths/b. Testing Set/2. Haemorrhages\IDRiD_61_HE.tif,1923,2434,1971,2459,mic
./dataset/A. Segmentation/2. All Segmentation Groundtruths/b. Testing Set/2. Haemorrhages\IDRiD_61_HE.tif,1407,2397,2646,2848,mic
./dataset/A. Segmentation/2. All Segmentation Groundtruths/b. Testing Set/2. Haemorrhages\IDRiD_61_HE.tif,645,2317,859,2548,mic
./dataset/A. Segmentation/2. All Segmentation Groundtruths/b. Testing Set/2. Haemorrhages\IDRiD_61_HE.tif,1974,2280,2113,2378,mic
./dataset/A. Segmentation/2. All Segmentation Groundtruths/b. Testing Set/2. Haemorrhages\IDRiD_61_HE.tif,2176,2175,2632,2530,mic
./dataset/A. Segmentation/2. All Segmentation Groundtruths/b. Testing Set/2. Haemorrhages\IDRiD_61_HE.tif,2353,2032,2394,2086,mic
./dataset/A. Segmentation/2. All Segmentation Groundtruths/b. Testing Set/2. Haemorrhages\IDRiD_61_HE.tif,1478,2007,1997,2216,mic
./dataset/A. Segmentation/2. All Segmentation Groundtruths/b. Testing Set/2. Haemorrhages\IDRiD_61_HE.tif,2150,1933,2295,2013,mic
./dataset/A. Segmentation/2. All Segmentation Groundtruths/b. Testing Set/2. Haemorrhages\IDRiD_61_HE.tif,818,1699,1930,2585,mic
./dataset/A. Segmentation/2. All Segmentation Groundtruths/b. Testing Set/2. Haemorrhages\IDRiD_61_HE.tif,506,1680,589,1801,mic
./dataset/A. Segmentation/2. All Segmentation Groundtruths/b. Testing Set/2. Haemorrhages\IDRiD_61_HE.tif,1499,1661,1522,1697,mic
./dataset/A. Segmentation/2. All Segmentation Groundtruths/b. Testing Set/2. Haemorrhages\IDRiD_61_HE.tif,1349,1651,1429,1702,mic
./dataset/A. Segmentation/2. All Segmentation Groundtruths/b. Testing Set/2. Haemorrhages\IDRiD_61_HE.tif,1631,1647,1664,1662,mic
./dataset/A. Segmentation/2. All Segmentation Groundtruths/b. Testing Set/2. Haemorrhages\IDRiD_61_HE.tif,2882,1557,2987,1723,mic
./dataset/A. Segmentation/2. All Segmentation Groundtruths/b. Testing Set/2. Haemorrhages\IDRiD_61_HE.tif,1273,1517,1319,1537,mic
./dataset/A. Segmentation/2. All Segmentation Groundtruths/b. Testing Set/2. Haemorrhages\IDRiD_61_HE.tif,3169,1450,3237,1509,mic
./dataset/A. Segmentation/2. All Segmentation Groundtruths/b. Testing Set/2. Haemorrhages\IDRiD_61_HE.tif,305,1440,437,1590,mic
./dataset/A. Segmentation/2. All Segmentation Groundtruths/b. Testing Set/2. Haemorrhages\IDRiD_61_HE.tif,1166,1416,1439,1504,mic
./dataset/A. Segmentation/2. All Segmentation Groundtruths/b. Testing Set/2. Haemorrhages\IDRiD_61_HE.tif,363,1347,439,1413,mic
./dataset/A. Segmentation/2. All Segmentation Groundtruths/b. Testing Set/2. Haemorrhages\IDRiD_61_HE.tif,1854,1298,1886,1338,mic
./dataset/A. Segmentation/2. All Segmentation Groundtruths/b. Testing Set/2. Haemorrhages\IDRiD_61_HE.tif,2229,1277,2258,1326,mic
./dataset/A. Segmentation/2. All Segmentation Groundtruths/b. Testing Set/2. Haemorrhages\IDRiD_61_HE.tif,1273,1214,1457,1350,mic
./dataset/A. Segmentation/2. All Segmentation Groundtruths/b. Testing Set/2. Haemorrhages\IDRiD_61_HE.tif,1518,1168,1600,1189,mic
./dataset/A. Segmentation/2. All Segmentation Groundtruths/b. Testing Set/2. Haemorrhages\IDRiD_61_HE.tif,2954,1163,3012,1221,mic
./dataset/A. Segmentation/2. All Segmentation Groundtruths/b. Testing Set/2. Haemorrhages\IDRiD_61_HE.tif,2864,1149,2930,1238,mic
./dataset/A. Segmentation/2. All Segmentation Groundtruths/b. Testing Set/2. Haemorrhages\IDRiD_61_HE.tif,2647,1110,2764,1269,mic
./dataset/A. Segmentation/2. All Segmentation Groundtruths/b. Testing Set/2. Haemorrhages\IDRiD_61_HE.tif,2733,1072,2795,1144,mic
./dataset/A. Segmentation/2. All Segmentation Groundtruths/b. Testing Set/2. Haemorrhages\IDRiD_61_HE.tif,334,1066,483,1199,mic
./dataset/A. Segmentation/2. All Segmentation Groundtruths/b. Testing Set/2. Haemorrhages\IDRiD_61_HE.tif,1059,1054,1270,1229,mic
./dataset/A. Segmentation/2. All Segmentation Groundtruths/b. Testing Set/2. Haemorrhages\IDRiD_61_HE.tif,325,1013,395,1057,mic
./dataset/A. Segmentation/2. All Segmentation Groundtruths/b. Testing Set/2. Haemorrhages\IDRiD_61_HE.tif,1665,988,1857,1111,mic
./dataset/A. Segmentation/2. All Segmentation Groundtruths/b. Testing Set/2. Haemorrhages\IDRiD_61_HE.tif,1698,897,1808,1007,mic
./dataset/A. Segmentation/2. All Segmentation Groundtruths/b. Testing Set/2. Haemorrhages\IDRiD_61_HE.tif,336,874,442,991,mic
./dataset/A. Segmentation/2. All Segmentation Groundtruths/b. Testing Set/2. Haemorrhages\IDRiD_61_HE.tif,2173,829,2632,1031,mic
./dataset/A. Segmentation/2. All Segmentation Groundtruths/b. Testing Set/2. Haemorrhages\IDRiD_61_HE.tif,374,787,457,848,mic
./dataset/A. Segmentation/2. All Segmentation Groundtruths/b. Testing Set/2. Haemorrhages\IDRiD_61_HE.tif,1179,759,1446,1043,mic
./dataset/A. Segmentation/2. All Segmentation Groundtruths/b. Testing Set/2. Haemorrhages\IDRiD_61_HE.tif,1609,748,1658,782,mic
./dataset/A. Segmentation/2. All Segmentation Groundtruths/b. Testing Set/2. Haemorrhages\IDRiD_61_HE.tif,1151,710,1376,891,mic
./dataset/A. Segmentation/2. All Segmentation Groundtruths/b. Testing Set/2. Haemorrhages\IDRiD_61_HE.tif,2284,691,2363,785,mic
./dataset/A. Segmentation/2. All Segmentation Groundtruths/b. Testing Set/2. Haemorrhages\IDRiD_61_HE.tif,1893,678,1933,715,mic
./dataset/A. Segmentation/2. All Segmentation Groundtruths/b. Testing Set/2. Haemorrhages\IDRiD_61_HE.tif,647,663,780,843,mic
./dataset/A. Segmentation/2. All Segmentation Groundtruths/b. Testing Set/2. Haemorrhages\IDRiD_61_HE.tif,2406,654,2570,837,mic
./dataset/A. Segmentation/2. All Segmentation Groundtruths/b. Testing Set/2. Haemorrhages\IDRiD_61_HE.tif,2639,645,2973,1035,mic
./dataset/A. Segmentation/2. All Segmentation Groundtruths/b. Testing Set/2. Haemorrhages\IDRiD_61_HE.tif,3060,644,3161,725,mic
./dataset/A. Segmentation/2. All Segmentation Groundtruths/b. Testing Set/2. Haemorrhages\IDRiD_61_HE.tif,1792,443,1970,586,mic
./dataset/A. Segmentation/2. All Segmentation Groundtruths/b. Testing Set/2. Haemorrhages\IDRiD_61_HE.tif,1423,345,1558,487,mic
./dataset/A. Segmentation/2. All Segmentation Groundtruths/b. Testing Set/2. Haemorrhages\IDRiD_61_HE.tif,1948,344,2082,467,mic
./dataset/A. Segmentation/2. All Segmentation Groundtruths/b. Testing Set/2. Haemorrhages\IDRiD_61_HE.tif,1886,256,2001,318,mic
./dataset/A. Segmentation/2. All Segmentation Groundtruths/b. Testing Set/2. Haemorrhages\IDRiD_61_HE.tif,2012,165,2200,310,mic
./dataset/A. Segmentation/2. All Segmentation Groundtruths/b. Testing Set/2. Haemorrhages\IDRiD_61_HE.tif,4270,-1,4288,2848,mic
./dataset/A. Segmentation/2. All Segmentation Groundtruths/b. Testing Set/2. Haemorrhages\IDRiD_61_HE.tif,900,-1,1514,518,mic
./dataset/A. Segmentation/2. All Segmentation Groundtruths/b. Testing Set/2. Haemorrhages\IDRiD_62_HE.tif,3258,1284,3311,1391,mic
./dataset/A. Segmentation/2. All Segmentation Groundtruths/b. Testing Set/2. Haemorrhages\IDRiD_62_HE.tif,964,0,1073,90,mic
./dataset/A. Segmentation/2. All Segmentation Groundtruths/b. Testing Set/2. Haemorrhages\IDRiD_63_HE.tif,719,1908,781,1958,mic
./dataset/A. Segmentation/2. All Segmentation Groundtruths/b. Testing Set/2. Haemorrhages\IDRiD_63_HE.tif,3508,1280,3615,1347,mic
./dataset/A. Segmentation/2. All Segmentation Groundtruths/b. Testing Set/2. Haemorrhages\IDRiD_63_HE.tif,883,1085,965,1165,mic
./dataset/A. Segmentation/2. All Segmentation Groundtruths/b. Testing Set/2. Haemorrhages\IDRiD_63_HE.tif,2795,283,2824,312,mic
./dataset/A. Segmentation/2. All Segmentation Groundtruths/b. Testing Set/2. Haemorrhages\IDRiD_63_HE.tif,2905,218,2954,261,mic
./dataset/A. Segmentation/2. All Segmentation Groundtruths/b. Testing Set/2. Haemorrhages\IDRiD_64_HE.tif,3034,2520,3082,2566,mic
./dataset/A. Segmentation/2. All Segmentation Groundtruths/b. Testing Set/2. Haemorrhages\IDRiD_64_HE.tif,3120,2071,3176,2111,mic
./dataset/A. Segmentation/2. All Segmentation Groundtruths/b. Testing Set/2. Haemorrhages\IDRiD_64_HE.tif,2644,2030,2738,2135,mic
./dataset/A. Segmentation/2. All Segmentation Groundtruths/b. Testing Set/2. Haemorrhages\IDRiD_64_HE.tif,2407,1781,2453,1832,mic
./dataset/A. Segmentation/2. All Segmentation Groundtruths/b. Testing Set/2. Haemorrhages\IDRiD_64_HE.tif,1869,82,2012,157,mic
./dataset/A. Segmentation/2. All Segmentation Groundtruths/b. Testing Set/2. Haemorrhages\IDRiD_64_HE.tif,1950,32,1979,64,mic
./dataset/A. Segmentation/2. All Segmentation Groundtruths/b. Testing Set/2. Haemorrhages\IDRiD_64_HE.tif,2224,0,2294,67,mic
./dataset/A. Segmentation/2. All Segmentation Groundtruths/b. Testing Set/2. Haemorrhages\IDRiD_64_HE.tif,1757,-1,1882,93,mic
./dataset/A. Segmentation/2. All Segmentation Groundtruths/b. Testing Set/2. Haemorrhages\IDRiD_65_HE.tif,2487,2660,2533,2697,mic
./dataset/A. Segmentation/2. All Segmentation Groundtruths/b. Testing Set/2. Haemorrhages\IDRiD_65_HE.tif,2848,2467,2918,2529,mic
./dataset/A. Segmentation/2. All Segmentation Groundtruths/b. Testing Set/2. Haemorrhages\IDRiD_65_HE.tif,2805,2446,2841,2518,mic
./dataset/A. Segmentation/2. All Segmentation Groundtruths/b. Testing Set/2. Haemorrhages\IDRiD_65_HE.tif,3689,1968,3716,2016,mic
./dataset/A. Segmentation/2. All Segmentation Groundtruths/b. Testing Set/2. Haemorrhages\IDRiD_65_HE.tif,3430,1851,3464,1897,mic
./dataset/A. Segmentation/2. All Segmentation Groundtruths/b. Testing Set/2. Haemorrhages\IDRiD_65_HE.tif,2149,1835,2183,1867,mic
./dataset/A. Segmentation/2. All Segmentation Groundtruths/b. Testing Set/2. Haemorrhages\IDRiD_65_HE.tif,2778,1482,2823,1531,mic
./dataset/A. Segmentation/2. All Segmentation Groundtruths/b. Testing Set/2. Haemorrhages\IDRiD_65_HE.tif,2831,1392,2867,1424,mic
./dataset/A. Segmentation/2. All Segmentation Groundtruths/b. Testing Set/2. Haemorrhages\IDRiD_65_HE.tif,1963,1349,2039,1411,mic
./dataset/A. Segmentation/2. All Segmentation Groundtruths/b. Testing Set/2. Haemorrhages\IDRiD_65_HE.tif,3778,1219,3846,1305,mic
./dataset/A. Segmentation/2. All Segmentation Groundtruths/b. Testing Set/2. Haemorrhages\IDRiD_65_HE.tif,3773,1141,3835,1186,mic
./dataset/A. Segmentation/2. All Segmentation Groundtruths/b. Testing Set/2. Haemorrhages\IDRiD_65_HE.tif,2903,1127,2937,1185,mic
./dataset/A. Segmentation/2. All Segmentation Groundtruths/b. Testing Set/2. Haemorrhages\IDRiD_65_HE.tif,2630,1117,2678,1171,mic
./dataset/A. Segmentation/2. All Segmentation Groundtruths/b. Testing Set/2. Haemorrhages\IDRiD_65_HE.tif,3526,1115,3592,1166,mic
./dataset/A. Segmentation/2. All Segmentation Groundtruths/b. Testing Set/2. Haemorrhages\IDRiD_65_HE.tif,2507,1098,2612,1231,mic
./dataset/A. Segmentation/2. All Segmentation Groundtruths/b. Testing Set/2. Haemorrhages\IDRiD_65_HE.tif,2810,1077,2865,1126,mic
./dataset/A. Segmentation/2. All Segmentation Groundtruths/b. Testing Set/2. Haemorrhages\IDRiD_65_HE.tif,2519,1019,2557,1070,mic
./dataset/A. Segmentation/2. All Segmentation Groundtruths/b. Testing Set/2. Haemorrhages\IDRiD_65_HE.tif,2917,929,2943,963,mic
./dataset/A. Segmentation/2. All Segmentation Groundtruths/b. Testing Set/2. Haemorrhages\IDRiD_65_HE.tif,3595,487,3670,553,mic
./dataset/A. Segmentation/2. All Segmentation Groundtruths/b. Testing Set/2. Haemorrhages\IDRiD_65_HE.tif,3395,421,3445,447,mic
./dataset/A. Segmentation/2. All Segmentation Groundtruths/b. Testing Set/2. Haemorrhages\IDRiD_65_HE.tif,3398,361,3436,397,mic
./dataset/A. Segmentation/2. All Segmentation Groundtruths/b. Testing Set/2. Haemorrhages\IDRiD_65_HE.tif,3034,305,3110,390,mic
./dataset/A. Segmentation/2. All Segmentation Groundtruths/b. Testing Set/2. Haemorrhages\IDRiD_65_HE.tif,2173,302,2221,347,mic
./dataset/A. Segmentation/2. All Segmentation Groundtruths/b. Testing Set/2. Haemorrhages\IDRiD_66_HE.tif,1295,1974,1362,2018,mic
./dataset/A. Segmentation/2. All Segmentation Groundtruths/b. Testing Set/2. Haemorrhages\IDRiD_66_HE.tif,1139,1870,1170,1896,mic
./dataset/A. Segmentation/2. All Segmentation Groundtruths/b. Testing Set/2. Haemorrhages\IDRiD_66_HE.tif,1179,1847,1211,1872,mic
./dataset/A. Segmentation/2. All Segmentation Groundtruths/b. Testing Set/2. Haemorrhages\IDRiD_66_HE.tif,1123,1808,1149,1833,mic
./dataset/A. Segmentation/2. All Segmentation Groundtruths/b. Testing Set/2. Haemorrhages\IDRiD_66_HE.tif,1944,1391,1984,1429,mic
./dataset/A. Segmentation/2. All Segmentation Groundtruths/b. Testing Set/2. Haemorrhages\IDRiD_66_HE.tif,877,1180,934,1234,mic
./dataset/A. Segmentation/2. All Segmentation Groundtruths/b. Testing Set/2. Haemorrhages\IDRiD_66_HE.tif,1397,790,1435,821,mic
./dataset/A. Segmentation/2. All Segmentation Groundtruths/b. Testing Set/2. Haemorrhages\IDRiD_66_HE.tif,1081,733,1322,895,mic
./dataset/A. Segmentation/2. All Segmentation Groundtruths/b. Testing Set/2. Haemorrhages\IDRiD_67_HE.tif,1746,2611,1917,2745,mic
./dataset/A. Segmentation/2. All Segmentation Groundtruths/b. Testing Set/2. Haemorrhages\IDRiD_67_HE.tif,1039,2511,1563,2803,mic
./dataset/A. Segmentation/2. All Segmentation Groundtruths/b. Testing Set/2. Haemorrhages\IDRiD_67_HE.tif,1657,2394,1819,2535,mic
./dataset/A. Segmentation/2. All Segmentation Groundtruths/b. Testing Set/2. Haemorrhages\IDRiD_67_HE.tif,2541,2239,2595,2297,mic
./dataset/A. Segmentation/2. All Segmentation Groundtruths/b. Testing Set/2. Haemorrhages\IDRiD_67_HE.tif,987,2140,1134,2304,mic
./dataset/A. Segmentation/2. All Segmentation Groundtruths/b. Testing Set/2. Haemorrhages\IDRiD_67_HE.tif,967,2041,1037,2117,mic
./dataset/A. Segmentation/2. All Segmentation Groundtruths/b. Testing Set/2. Haemorrhages\IDRiD_67_HE.tif,2026,2035,2088,2081,mic
./dataset/A. Segmentation/2. All Segmentation Groundtruths/b. Testing Set/2. Haemorrhages\IDRiD_67_HE.tif,1322,1987,1386,2053,mic
./dataset/A. Segmentation/2. All Segmentation Groundtruths/b. Testing Set/2. Haemorrhages\IDRiD_67_HE.tif,2906,1628,2986,1722,mic
./dataset/A. Segmentation/2. All Segmentation Groundtruths/b. Testing Set/2. Haemorrhages\IDRiD_67_HE.tif,1428,1540,1511,1618,mic
./dataset/A. Segmentation/2. All Segmentation Groundtruths/b. Testing Set/2. Haemorrhages\IDRiD_67_HE.tif,1231,1517,1287,1574,mic
./dataset/A. Segmentation/2. All Segmentation Groundtruths/b. Testing Set/2. Haemorrhages\IDRiD_67_HE.tif,1032,1450,1074,1480,mic
./dataset/A. Segmentation/2. All Segmentation Groundtruths/b. Testing Set/2. Haemorrhages\IDRiD_67_HE.tif,1410,1370,1463,1438,mic
./dataset/A. Segmentation/2. All Segmentation Groundtruths/b. Testing Set/2. Haemorrhages\IDRiD_67_HE.tif,656,1252,730,1326,mic
./dataset/A. Segmentation/2. All Segmentation Groundtruths/b. Testing Set/2. Haemorrhages\IDRiD_67_HE.tif,914,1106,1075,1316,mic
./dataset/A. Segmentation/2. All Segmentation Groundtruths/b. Testing Set/2. Haemorrhages\IDRiD_67_HE.tif,1525,1063,1618,1162,mic
./dataset/A. Segmentation/2. All Segmentation Groundtruths/b. Testing Set/2. Haemorrhages\IDRiD_67_HE.tif,664,1048,713,1089,mic
./dataset/A. Segmentation/2. All Segmentation Groundtruths/b. Testing Set/2. Haemorrhages\IDRiD_67_HE.tif,1982,1038,2055,1108,mic
./dataset/A. Segmentation/2. All Segmentation Groundtruths/b. Testing Set/2. Haemorrhages\IDRiD_67_HE.tif,2306,1032,2368,1065,mic
./dataset/A. Segmentation/2. All Segmentation Groundtruths/b. Testing Set/2. Haemorrhages\IDRiD_67_HE.tif,1863,985,1921,1059,mic
./dataset/A. Segmentation/2. All Segmentation Groundtruths/b. Testing Set/2. Haemorrhages\IDRiD_67_HE.tif,2011,952,2071,991,mic
./dataset/A. Segmentation/2. All Segmentation Groundtruths/b. Testing Set/2. Haemorrhages\IDRiD_67_HE.tif,2094,885,2265,987,mic
./dataset/A. Segmentation/2. All Segmentation Groundtruths/b. Testing Set/2. Haemorrhages\IDRiD_67_HE.tif,617,862,644,916,mic
./dataset/A. Segmentation/2. All Segmentation Groundtruths/b. Testing Set/2. Haemorrhages\IDRiD_67_HE.tif,1031,845,1145,997,mic
./dataset/A. Segmentation/2. All Segmentation Groundtruths/b. Testing Set/2. Haemorrhages\IDRiD_67_HE.tif,720,738,798,855,mic
./dataset/A. Segmentation/2. All Segmentation Groundtruths/b. Testing Set/2. Haemorrhages\IDRiD_67_HE.tif,1955,699,2060,760,mic
./dataset/A. Segmentation/2. All Segmentation Groundtruths/b. Testing Set/2. Haemorrhages\IDRiD_67_HE.tif,1659,492,1741,532,mic
./dataset/A. Segmentation/2. All Segmentation Groundtruths/b. Testing Set/2. Haemorrhages\IDRiD_67_HE.tif,1602,464,1665,504,mic
./dataset/A. Segmentation/2. All Segmentation Groundtruths/b. Testing Set/2. Haemorrhages\IDRiD_67_HE.tif,1709,405,1783,465,mic
./dataset/A. Segmentation/2. All Segmentation Groundtruths/b. Testing Set/2. Haemorrhages\IDRiD_67_HE.tif,1071,317,1148,373,mic
./dataset/A. Segmentation/2. All Segmentation Groundtruths/b. Testing Set/2. Haemorrhages\IDRiD_67_HE.tif,1127,270,1395,460,mic
./dataset/A. Segmentation/2. All Segmentation Groundtruths/b. Testing Set/2. Haemorrhages\IDRiD_67_HE.tif,2042,224,2327,361,mic
./dataset/A. Segmentation/2. All Segmentation Groundtruths/b. Testing Set/2. Haemorrhages\IDRiD_67_HE.tif,1388,196,1505,240,mic
./dataset/A. Segmentation/2. All Segmentation Groundtruths/b. Testing Set/2. Haemorrhages\IDRiD_67_HE.tif,1113,181,1178,288,mic
./dataset/A. Segmentation/2. All Segmentation Groundtruths/b. Testing Set/2. Haemorrhages\IDRiD_67_HE.tif,2414,134,2505,194,mic
./dataset/A. Segmentation/2. All Segmentation Groundtruths/b. Testing Set/2. Haemorrhages\IDRiD_67_HE.tif,1481,-1,1557,72,mic
./dataset/A. Segmentation/2. All Segmentation Groundtruths/b. Testing Set/2. Haemorrhages\IDRiD_67_HE.tif,1042,-1,1412,167,mic
./dataset/A. Segmentation/2. All Segmentation Groundtruths/b. Testing Set/2. Haemorrhages\IDRiD_68_HE.tif,2090,2547,2187,2587,mic
./dataset/A. Segmentation/2. All Segmentation Groundtruths/b. Testing Set/2. Haemorrhages\IDRiD_68_HE.tif,2208,2437,2523,2615,mic
./dataset/A. Segmentation/2. All Segmentation Groundtruths/b. Testing Set/2. Haemorrhages\IDRiD_68_HE.tif,2240,2145,2385,2278,mic
./dataset/A. Segmentation/2. All Segmentation Groundtruths/b. Testing Set/2. Haemorrhages\IDRiD_68_HE.tif,689,2077,817,2436,mic
./dataset/A. Segmentation/2. All Segmentation Groundtruths/b. Testing Set/2. Haemorrhages\IDRiD_68_HE.tif,550,1912,682,2154,mic
./dataset/A. Segmentation/2. All Segmentation Groundtruths/b. Testing Set/2. Haemorrhages\IDRiD_68_HE.tif,3220,1870,3312,1995,mic
./dataset/A. Segmentation/2. All Segmentation Groundtruths/b. Testing Set/2. Haemorrhages\IDRiD_68_HE.tif,397,1829,522,2049,mic
./dataset/A. Segmentation/2. All Segmentation Groundtruths/b. Testing Set/2. Haemorrhages\IDRiD_68_HE.tif,2256,1777,2384,1826,mic
./dataset/A. Segmentation/2. All Segmentation Groundtruths/b. Testing Set/2. Haemorrhages\IDRiD_68_HE.tif,1812,1704,2385,1952,mic
./dataset/A. Segmentation/2. All Segmentation Groundtruths/b. Testing Set/2. Haemorrhages\IDRiD_68_HE.tif,733,1559,952,1706,mic
./dataset/A. Segmentation/2. All Segmentation Groundtruths/b. Testing Set/2. Haemorrhages\IDRiD_68_HE.tif,2568,1546,2981,1830,mic
./dataset/A. Segmentation/2. All Segmentation Groundtruths/b. Testing Set/2. Haemorrhages\IDRiD_68_HE.tif,650,1545,706,1620,mic
./dataset/A. Segmentation/2. All Segmentation Groundtruths/b. Testing Set/2. Haemorrhages\IDRiD_68_HE.tif,3145,1335,3197,1421,mic
./dataset/A. Segmentation/2. All Segmentation Groundtruths/b. Testing Set/2. Haemorrhages\IDRiD_68_HE.tif,276,1321,532,1609,mic
./dataset/A. Segmentation/2. All Segmentation Groundtruths/b. Testing Set/2. Haemorrhages\IDRiD_68_HE.tif,3255,1304,3298,1400,mic
./dataset/A. Segmentation/2. All Segmentation Groundtruths/b. Testing Set/2. Haemorrhages\IDRiD_68_HE.tif,1867,1296,1892,1319,mic
./dataset/A. Segmentation/2. All Segmentation Groundtruths/b. Testing Set/2. Haemorrhages\IDRiD_68_HE.tif,3061,1235,3100,1322,mic
./dataset/A. Segmentation/2. All Segmentation Groundtruths/b. Testing Set/2. Haemorrhages\IDRiD_68_HE.tif,280,1071,488,1287,mic
./dataset/A. Segmentation/2. All Segmentation Groundtruths/b. Testing Set/2. Haemorrhages\IDRiD_68_HE.tif,3086,1050,3128,1108,mic
./dataset/A. Segmentation/2. All Segmentation Groundtruths/b. Testing Set/2. Haemorrhages\IDRiD_68_HE.tif,3224,1039,3279,1089,mic
./dataset/A. Segmentation/2. All Segmentation Groundtruths/b. Testing Set/2. Haemorrhages\IDRiD_68_HE.tif,2197,1031,2231,1045,mic
./dataset/A. Segmentation/2. All Segmentation Groundtruths/b. Testing Set/2. Haemorrhages\IDRiD_68_HE.tif,3186,929,3257,1019,mic
./dataset/A. Segmentation/2. All Segmentation Groundtruths/b. Testing Set/2. Haemorrhages\IDRiD_68_HE.tif,2268,833,2341,871,mic
./dataset/A. Segmentation/2. All Segmentation Groundtruths/b. Testing Set/2. Haemorrhages\IDRiD_68_HE.tif,2348,662,2474,830,mic
./dataset/A. Segmentation/2. All Segmentation Groundtruths/b. Testing Set/2. Haemorrhages\IDRiD_68_HE.tif,2872,648,3016,721,mic
./dataset/A. Segmentation/2. All Segmentation Groundtruths/b. Testing Set/2. Haemorrhages\IDRiD_68_HE.tif,2738,628,2808,700,mic
./dataset/A. Segmentation/2. All Segmentation Groundtruths/b. Testing Set/2. Haemorrhages\IDRiD_68_HE.tif,2475,541,2532,602,mic
./dataset/A. Segmentation/2. All Segmentation Groundtruths/b. Testing Set/2. Haemorrhages\IDRiD_68_HE.tif,2749,390,2893,535,mic
./dataset/A. Segmentation/2. All Segmentation Groundtruths/b. Testing Set/2. Haemorrhages\IDRiD_68_HE.tif,2975,284,3025,332,mic
./dataset/A. Segmentation/2. All Segmentation Groundtruths/b. Testing Set/2. Haemorrhages\IDRiD_69_HE.tif,1872,2450,2040,2639,mic
./dataset/A. Segmentation/2. All Segmentation Groundtruths/b. Testing Set/2. Haemorrhages\IDRiD_69_HE.tif,2448,2442,2537,2568,mic
./dataset/A. Segmentation/2. All Segmentation Groundtruths/b. Testing Set/2. Haemorrhages\IDRiD_69_HE.tif,1389,2209,1714,2418,mic
./dataset/A. Segmentation/2. All Segmentation Groundtruths/b. Testing Set/2. Haemorrhages\IDRiD_69_HE.tif,1447,2183,1542,2216,mic
./dataset/A. Segmentation/2. All Segmentation Groundtruths/b. Testing Set/2. Haemorrhages\IDRiD_69_HE.tif,1198,2176,1315,2269,mic
./dataset/A. Segmentation/2. All Segmentation Groundtruths/b. Testing Set/2. Haemorrhages\IDRiD_69_HE.tif,1483,2157,1579,2180,mic
./dataset/A. Segmentation/2. All Segmentation Groundtruths/b. Testing Set/2. Haemorrhages\IDRiD_69_HE.tif,1873,2104,2013,2161,mic
./dataset/A. Segmentation/2. All Segmentation Groundtruths/b. Testing Set/2. Haemorrhages\IDRiD_69_HE.tif,1529,2072,1889,2177,mic
./dataset/A. Segmentation/2. All Segmentation Groundtruths/b. Testing Set/2. Haemorrhages\IDRiD_69_HE.tif,2206,1925,2474,2158,mic
./dataset/A. Segmentation/2. All Segmentation Groundtruths/b. Testing Set/2. Haemorrhages\IDRiD_69_HE.tif,409,1919,468,1947,mic
./dataset/A. Segmentation/2. All Segmentation Groundtruths/b. Testing Set/2. Haemorrhages\IDRiD_69_HE.tif,2625,1744,2659,1779,mic
./dataset/A. Segmentation/2. All Segmentation Groundtruths/b. Testing Set/2. Haemorrhages\IDRiD_69_HE.tif,2688,1556,2738,1636,mic
./dataset/A. Segmentation/2. All Segmentation Groundtruths/b. Testing Set/2. Haemorrhages\IDRiD_69_HE.tif,1807,1490,1841,1504,mic
./dataset/A. Segmentation/2. All Segmentation Groundtruths/b. Testing Set/2. Haemorrhages\IDRiD_69_HE.tif,2719,1370,2753,1410,mic
./dataset/A. Segmentation/2. All Segmentation Groundtruths/b. Testing Set/2. Haemorrhages\IDRiD_69_HE.tif,2850,1338,2918,1400,mic
./dataset/A. Segmentation/2. All Segmentation Groundtruths/b. Testing Set/2. Haemorrhages\IDRiD_69_HE.tif,3135,1327,3189,1410,mic
./dataset/A. Segmentation/2. All Segmentation Groundtruths/b. Testing Set/2. Haemorrhages\IDRiD_69_HE.tif,2663,1312,2712,1375,mic
./dataset/A. Segmentation/2. All Segmentation Groundtruths/b. Testing Set/2. Haemorrhages\IDRiD_69_HE.tif,2851,1272,2890,1330,mic
./dataset/A. Segmentation/2. All Segmentation Groundtruths/b. Testing Set/2. Haemorrhages\IDRiD_69_HE.tif,2822,1254,2852,1294,mic
./dataset/A. Segmentation/2. All Segmentation Groundtruths/b. Testing Set/2. Haemorrhages\IDRiD_69_HE.tif,2721,1249,2769,1278,mic
./dataset/A. Segmentation/2. All Segmentation Groundtruths/b. Testing Set/2. Haemorrhages\IDRiD_69_HE.tif,2298,1224,2329,1267,mic
./dataset/A. Segmentation/2. All Segmentation Groundtruths/b. Testing Set/2. Haemorrhages\IDRiD_69_HE.tif,2672,1212,2709,1232,mic
./dataset/A. Segmentation/2. All Segmentation Groundtruths/b. Testing Set/2. Haemorrhages\IDRiD_69_HE.tif,2425,1203,2456,1256,mic
./dataset/A. Segmentation/2. All Segmentation Groundtruths/b. Testing Set/2. Haemorrhages\IDRiD_69_HE.tif,2968,1164,3054,1238,mic
./dataset/A. Segmentation/2. All Segmentation Groundtruths/b. Testing Set/2. Haemorrhages\IDRiD_69_HE.tif,1868,1157,1961,1205,mic
./dataset/A. Segmentation/2. All Segmentation Groundtruths/b. Testing Set/2. Haemorrhages\IDRiD_69_HE.tif,2485,1144,2513,1194,mic
./dataset/A. Segmentation/2. All Segmentation Groundtruths/b. Testing Set/2. Haemorrhages\IDRiD_69_HE.tif,2776,1135,2813,1157,mic
./dataset/A. Segmentation/2. All Segmentation Groundtruths/b. Testing Set/2. Haemorrhages\IDRiD_69_HE.tif,2969,1045,3032,1140,mic
./dataset/A. Segmentation/2. All Segmentation Groundtruths/b. Testing Set/2. Haemorrhages\IDRiD_69_HE.tif,1662,1026,1715,1079,mic
./dataset/A. Segmentation/2. All Segmentation Groundtruths/b. Testing Set/2. Haemorrhages\IDRiD_69_HE.tif,1962,1001,2091,1123,mic
./dataset/A. Segmentation/2. All Segmentation Groundtruths/b. Testing Set/2. Haemorrhages\IDRiD_69_HE.tif,1788,948,1802,981,mic
./dataset/A. Segmentation/2. All Segmentation Groundtruths/b. Testing Set/2. Haemorrhages\IDRiD_69_HE.tif,2352,941,2441,1016,mic
./dataset/A. Segmentation/2. All Segmentation Groundtruths/b. Testing Set/2. Haemorrhages\IDRiD_69_HE.tif,2089,892,2151,933,mic
./dataset/A. Segmentation/2. All Segmentation Groundtruths/b. Testing Set/2. Haemorrhages\IDRiD_69_HE.tif,2440,854,2458,870,mic
./dataset/A. Segmentation/2. All Segmentation Groundtruths/b. Testing Set/2. Haemorrhages\IDRiD_69_HE.tif,2772,810,2833,867,mic
./dataset/A. Segmentation/2. All Segmentation Groundtruths/b. Testing Set/2. Haemorrhages\IDRiD_69_HE.tif,2932,804,3029,944,mic
./dataset/A. Segmentation/2. All Segmentation Groundtruths/b. Testing Set/2. Haemorrhages\IDRiD_69_HE.tif,3185,739,3247,845,mic
./dataset/A. Segmentation/2. All Segmentation Groundtruths/b. Testing Set/2. Haemorrhages\IDRiD_69_HE.tif,2374,700,2528,848,mic
./dataset/A. Segmentation/2. All Segmentation Groundtruths/b. Testing Set/2. Haemorrhages\IDRiD_69_HE.tif,2607,588,2655,637,mic
./dataset/A. Segmentation/2. All Segmentation Groundtruths/b. Testing Set/2. Haemorrhages\IDRiD_69_HE.tif,1977,586,2044,649,mic
./dataset/A. Segmentation/2. All Segmentation Groundtruths/b. Testing Set/2. Haemorrhages\IDRiD_69_HE.tif,2852,572,2898,618,mic
./dataset/A. Segmentation/2. All Segmentation Groundtruths/b. Testing Set/2. Haemorrhages\IDRiD_69_HE.tif,1349,499,1389,554,mic
./dataset/A. Segmentation/2. All Segmentation Groundtruths/b. Testing Set/2. Haemorrhages\IDRiD_69_HE.tif,2101,454,2129,474,mic
./dataset/A. Segmentation/2. All Segmentation Groundtruths/b. Testing Set/2. Haemorrhages\IDRiD_69_HE.tif,3275,405,3321,507,mic
./dataset/A. Segmentation/2. All Segmentation Groundtruths/b. Testing Set/2. Haemorrhages\IDRiD_69_HE.tif,2746,165,2773,208,mic
./dataset/A. Segmentation/2. All Segmentation Groundtruths/b. Testing Set/2. Haemorrhages\IDRiD_69_HE.tif,1742,119,2034,365,mic
./dataset/A. Segmentation/2. All Segmentation Groundtruths/b. Testing Set/2. Haemorrhages\IDRiD_69_HE.tif,1644,3,1777,171,mic
./dataset/A. Segmentation/2. All Segmentation Groundtruths/b. Testing Set/2. Haemorrhages\IDRiD_69_HE.tif,2183,-1,2524,85,mic
./dataset/A. Segmentation/2. All Segmentation Groundtruths/b. Testing Set/2. Haemorrhages\IDRiD_69_HE.tif,1576,-1,1661,44,mic
./dataset/A. Segmentation/2. All Segmentation Groundtruths/b. Testing Set/2. Haemorrhages\IDRiD_69_HE.tif,1515,-1,1575,33,mic
./dataset/A. Segmentation/2. All Segmentation Groundtruths/b. Testing Set/2. Haemorrhages\IDRiD_69_HE.tif,976,-1,1287,223,mic
./dataset/A. Segmentation/2. All Segmentation Groundtruths/b. Testing Set/2. Haemorrhages\IDRiD_70_HE.tif,1530,1695,1569,1765,mic
./dataset/A. Segmentation/2. All Segmentation Groundtruths/b. Testing Set/2. Haemorrhages\IDRiD_70_HE.tif,2067,1646,2117,1688,mic
./dataset/A. Segmentation/2. All Segmentation Groundtruths/b. Testing Set/2. Haemorrhages\IDRiD_70_HE.tif,1853,1556,1905,1572,mic
./dataset/A. Segmentation/2. All Segmentation Groundtruths/b. Testing Set/2. Haemorrhages\IDRiD_70_HE.tif,1570,1551,1668,1672,mic
./dataset/A. Segmentation/2. All Segmentation Groundtruths/b. Testing Set/2. Haemorrhages\IDRiD_70_HE.tif,1639,1500,1827,1574,mic
./dataset/A. Segmentation/2. All Segmentation Groundtruths/b. Testing Set/2. Haemorrhages\IDRiD_70_HE.tif,2027,1485,2090,1523,mic
./dataset/A. Segmentation/2. All Segmentation Groundtruths/b. Testing Set/2. Haemorrhages\IDRiD_70_HE.tif,1923,1485,2005,1527,mic
./dataset/A. Segmentation/2. All Segmentation Groundtruths/b. Testing Set/2. Haemorrhages\IDRiD_70_HE.tif,1886,1403,1956,1451,mic
./dataset/A. Segmentation/2. All Segmentation Groundtruths/b. Testing Set/2. Haemorrhages\IDRiD_70_HE.tif,582,1384,638,1427,mic
./dataset/A. Segmentation/2. All Segmentation Groundtruths/b. Testing Set/2. Haemorrhages\IDRiD_70_HE.tif,1976,1377,2036,1422,mic
./dataset/A. Segmentation/2. All Segmentation Groundtruths/b. Testing Set/2. Haemorrhages\IDRiD_70_HE.tif,1853,1332,1893,1411,mic
./dataset/A. Segmentation/2. All Segmentation Groundtruths/b. Testing Set/2. Haemorrhages\IDRiD_70_HE.tif,1918,1311,1987,1366,mic
./dataset/A. Segmentation/2. All Segmentation Groundtruths/b. Testing Set/2. Haemorrhages\IDRiD_70_HE.tif,1962,1267,2115,1320,mic
./dataset/A. Segmentation/2. All Segmentation Groundtruths/b. Testing Set/2. Haemorrhages\IDRiD_70_HE.tif,2143,1264,2198,1291,mic
./dataset/A. Segmentation/2. All Segmentation Groundtruths/b. Testing Set/2. Haemorrhages\IDRiD_70_HE.tif,1851,1222,1918,1241,mic
./dataset/A. Segmentation/2. All Segmentation Groundtruths/b. Testing Set/2. Haemorrhages\IDRiD_70_HE.tif,1522,1121,1594,1154,mic
./dataset/A. Segmentation/2. All Segmentation Groundtruths/b. Testing Set/2. Haemorrhages\IDRiD_70_HE.tif,1769,963,2060,1220,mic
./dataset/A. Segmentation/2. All Segmentation Groundtruths/b. Testing Set/2. Haemorrhages\IDRiD_70_HE.tif,469,791,537,867,mic
./dataset/A. Segmentation/2. All Segmentation Groundtruths/b. Testing Set/2. Haemorrhages\IDRiD_70_HE.tif,977,774,1012,797,mic
./dataset/A. Segmentation/2. All Segmentation Groundtruths/b. Testing Set/2. Haemorrhages\IDRiD_70_HE.tif,755,754,829,809,mic
./dataset/A. Segmentation/2. All Segmentation Groundtruths/b. Testing Set/2. Haemorrhages\IDRiD_70_HE.tif,608,683,648,709,mic
./dataset/A. Segmentation/2. All Segmentation Groundtruths/b. Testing Set/2. Haemorrhages\IDRiD_70_HE.tif,1778,455,1904,564,mic
./dataset/A. Segmentation/2. All Segmentation Groundtruths/b. Testing Set/2. Haemorrhages\IDRiD_71_HE.tif,981,2361,1029,2411,mic
./dataset/A. Segmentation/2. All Segmentation Groundtruths/b. Testing Set/2. Haemorrhages\IDRiD_71_HE.tif,3317,2186,3381,2257,mic
./dataset/A. Segmentation/2. All Segmentation Groundtruths/b. Testing Set/2. Haemorrhages\IDRiD_71_HE.tif,432,2019,455,2048,mic
./dataset/A. Segmentation/2. All Segmentation Groundtruths/b. Testing Set/2. Haemorrhages\IDRiD_71_HE.tif,987,2015,1031,2067,mic
./dataset/A. Segmentation/2. All Segmentation Groundtruths/b. Testing Set/2. Haemorrhages\IDRiD_71_HE.tif,991,1872,1032,1918,mic
./dataset/A. Segmentation/2. All Segmentation Groundtruths/b. Testing Set/2. Haemorrhages\IDRiD_71_HE.tif,418,1824,428,1849,mic
./dataset/A. Segmentation/2. All Segmentation Groundtruths/b. Testing Set/2. Haemorrhages\IDRiD_71_HE.tif,1230,1816,1273,1875,mic
./dataset/A. Segmentation/2. All Segmentation Groundtruths/b. Testing Set/2. Haemorrhages\IDRiD_71_HE.tif,1005,1768,1050,1830,mic
./dataset/A. Segmentation/2. All Segmentation Groundtruths/b. Testing Set/2. Haemorrhages\IDRiD_71_HE.tif,1032,1722,1121,1840,mic
./dataset/A. Segmentation/2. All Segmentation Groundtruths/b. Testing Set/2. Haemorrhages\IDRiD_71_HE.tif,1203,1529,1287,1617,mic
./dataset/A. Segmentation/2. All Segmentation Groundtruths/b. Testing Set/2. Haemorrhages\IDRiD_71_HE.tif,348,1048,375,1076,mic
./dataset/A. Segmentation/2. All Segmentation Groundtruths/b. Testing Set/2. Haemorrhages\IDRiD_71_HE.tif,2019,809,2056,831,mic
./dataset/A. Segmentation/2. All Segmentation Groundtruths/b. Testing Set/2. Haemorrhages\IDRiD_71_HE.tif,1395,781,1604,890,mic
./dataset/A. Segmentation/2. All Segmentation Groundtruths/b. Testing Set/2. Haemorrhages\IDRiD_71_HE.tif,711,572,786,650,mic
./dataset/A. Segmentation/2. All Segmentation Groundtruths/b. Testing Set/2. Haemorrhages\IDRiD_71_HE.tif,1204,210,1218,234,mic
./dataset/A. Segmentation/2. All Segmentation Groundtruths/b. Testing Set/2. Haemorrhages\IDRiD_71_HE.tif,2860,60,3032,264,mic
./dataset/A. Segmentation/2. All Segmentation Groundtruths/b. Testing Set/2. Haemorrhages\IDRiD_72_HE.tif,2018,2272,2055,2314,mic
./dataset/A. Segmentation/2. All Segmentation Groundtruths/b. Testing Set/2. Haemorrhages\IDRiD_72_HE.tif,3404,1829,3449,1884,mic
./dataset/A. Segmentation/2. All Segmentation Groundtruths/b. Testing Set/2. Haemorrhages\IDRiD_72_HE.tif,3045,1464,3065,1512,mic
./dataset/A. Segmentation/2. All Segmentation Groundtruths/b. Testing Set/2. Haemorrhages\IDRiD_72_HE.tif,2534,1301,2634,1395,mic
./dataset/A. Segmentation/2. All Segmentation Groundtruths/b. Testing Set/2. Haemorrhages\IDRiD_72_HE.tif,3112,1142,3128,1174,mic
./dataset/A. Segmentation/2. All Segmentation Groundtruths/b. Testing Set/2. Haemorrhages\IDRiD_72_HE.tif,2208,755,2232,812,mic
./dataset/A. Segmentation/2. All Segmentation Groundtruths/b. Testing Set/2. Haemorrhages\IDRiD_72_HE.tif,2053,28,2082,57,mic
./dataset/A. Segmentation/2. All Segmentation Groundtruths/b. Testing Set/2. Haemorrhages\IDRiD_73_HE.tif,2558,2479,2660,2547,mic
./dataset/A. Segmentation/2. All Segmentation Groundtruths/b. Testing Set/2. Haemorrhages\IDRiD_73_HE.tif,3227,2222,3316,2398,mic
./dataset/A. Segmentation/2. All Segmentation Groundtruths/b. Testing Set/2. Haemorrhages\IDRiD_73_HE.tif,1667,1987,1742,2037,mic
./dataset/A. Segmentation/2. All Segmentation Groundtruths/b. Testing Set/2. Haemorrhages\IDRiD_73_HE.tif,3195,1932,3213,1974,mic
./dataset/A. Segmentation/2. All Segmentation Groundtruths/b. Testing Set/2. Haemorrhages\IDRiD_73_HE.tif,1215,1923,1337,2023,mic
./dataset/A. Segmentation/2. All Segmentation Groundtruths/b. Testing Set/2. Haemorrhages\IDRiD_73_HE.tif,981,1628,1032,1662,mic
./dataset/A. Segmentation/2. All Segmentation Groundtruths/b. Testing Set/2. Haemorrhages\IDRiD_73_HE.tif,2556,950,2594,1003,mic
./dataset/A. Segmentation/2. All Segmentation Groundtruths/b. Testing Set/2. Haemorrhages\IDRiD_73_HE.tif,1813,612,1852,647,mic
./dataset/A. Segmentation/2. All Segmentation Groundtruths/b. Testing Set/2. Haemorrhages\IDRiD_74_HE.tif,1133,2689,1402,2820,mic
./dataset/A. Segmentation/2. All Segmentation Groundtruths/b. Testing Set/2. Haemorrhages\IDRiD_74_HE.tif,2264,2595,2300,2629,mic
./dataset/A. Segmentation/2. All Segmentation Groundtruths/b. Testing Set/2. Haemorrhages\IDRiD_74_HE.tif,1860,2509,1908,2540,mic
./dataset/A. Segmentation/2. All Segmentation Groundtruths/b. Testing Set/2. Haemorrhages\IDRiD_74_HE.tif,2484,2407,2533,2458,mic
./dataset/A. Segmentation/2. All Segmentation Groundtruths/b. Testing Set/2. Haemorrhages\IDRiD_74_HE.tif,2551,2387,2605,2428,mic
./dataset/A. Segmentation/2. All Segmentation Groundtruths/b. Testing Set/2. Haemorrhages\IDRiD_74_HE.tif,2310,2384,2429,2497,mic
./dataset/A. Segmentation/2. All Segmentation Groundtruths/b. Testing Set/2. Haemorrhages\IDRiD_74_HE.tif,2296,2374,2337,2398,mic
./dataset/A. Segmentation/2. All Segmentation Groundtruths/b. Testing Set/2. Haemorrhages\IDRiD_74_HE.tif,2563,2315,2596,2350,mic
./dataset/A. Segmentation/2. All Segmentation Groundtruths/b. Testing Set/2. Haemorrhages\IDRiD_74_HE.tif,2628,2287,2681,2319,mic
./dataset/A. Segmentation/2. All Segmentation Groundtruths/b. Testing Set/2. Haemorrhages\IDRiD_74_HE.tif,2657,2286,2714,2350,mic
./dataset/A. Segmentation/2. All Segmentation Groundtruths/b. Testing Set/2. Haemorrhages\IDRiD_74_HE.tif,2975,2228,3107,2362,mic
./dataset/A. Segmentation/2. All Segmentation Groundtruths/b. Testing Set/2. Haemorrhages\IDRiD_74_HE.tif,2917,2228,2969,2279,mic
./dataset/A. Segmentation/2. All Segmentation Groundtruths/b. Testing Set/2. Haemorrhages\IDRiD_74_HE.tif,2368,2211,2417,2262,mic
./dataset/A. Segmentation/2. All Segmentation Groundtruths/b. Testing Set/2. Haemorrhages\IDRiD_74_HE.tif,2843,2122,2962,2238,mic
./dataset/A. Segmentation/2. All Segmentation Groundtruths/b. Testing Set/2. Haemorrhages\IDRiD_74_HE.tif,2790,2085,2826,2114,mic
./dataset/A. Segmentation/2. All Segmentation Groundtruths/b. Testing Set/2. Haemorrhages\IDRiD_74_HE.tif,2284,2057,2317,2084,mic
./dataset/A. Segmentation/2. All Segmentation Groundtruths/b. Testing Set/2. Haemorrhages\IDRiD_74_HE.tif,3072,1964,3138,2029,mic
./dataset/A. Segmentation/2. All Segmentation Groundtruths/b. Testing Set/2. Haemorrhages\IDRiD_74_HE.tif,2912,1865,2969,1916,mic
./dataset/A. Segmentation/2. All Segmentation Groundtruths/b. Testing Set/2. Haemorrhages\IDRiD_74_HE.tif,3481,1804,3529,1880,mic
./dataset/A. Segmentation/2. All Segmentation Groundtruths/b. Testing Set/2. Haemorrhages\IDRiD_74_HE.tif,3055,1770,3102,1814,mic
./dataset/A. Segmentation/2. All Segmentation Groundtruths/b. Testing Set/2. Haemorrhages\IDRiD_74_HE.tif,3136,1705,3216,1751,mic
./dataset/A. Segmentation/2. All Segmentation Groundtruths/b. Testing Set/2. Haemorrhages\IDRiD_74_HE.tif,3261,1702,3304,1732,mic
./dataset/A. Segmentation/2. All Segmentation Groundtruths/b. Testing Set/2. Haemorrhages\IDRiD_74_HE.tif,3469,1603,3504,1641,mic
./dataset/A. Segmentation/2. All Segmentation Groundtruths/b. Testing Set/2. Haemorrhages\IDRiD_74_HE.tif,2669,1591,2706,1623,mic
./dataset/A. Segmentation/2. All Segmentation Groundtruths/b. Testing Set/2. Haemorrhages\IDRiD_74_HE.tif,3501,1581,3531,1612,mic
./dataset/A. Segmentation/2. All Segmentation Groundtruths/b. Testing Set/2. Haemorrhages\IDRiD_74_HE.tif,2862,1541,2982,1674,mic
./dataset/A. Segmentation/2. All Segmentation Groundtruths/b. Testing Set/2. Haemorrhages\IDRiD_74_HE.tif,2632,1532,2664,1574,mic
./dataset/A. Segmentation/2. All Segmentation Groundtruths/b. Testing Set/2. Haemorrhages\IDRiD_74_HE.tif,2797,1402,2842,1458,mic
./dataset/A. Segmentation/2. All Segmentation Groundtruths/b. Testing Set/2. Haemorrhages\IDRiD_74_HE.tif,3286,1372,3328,1431,mic
./dataset/A. Segmentation/2. All Segmentation Groundtruths/b. Testing Set/2. Haemorrhages\IDRiD_74_HE.tif,2824,1292,2881,1360,mic
./dataset/A. Segmentation/2. All Segmentation Groundtruths/b. Testing Set/2. Haemorrhages\IDRiD_74_HE.tif,3524,1288,3573,1403,mic
./dataset/A. Segmentation/2. All Segmentation Groundtruths/b. Testing Set/2. Haemorrhages\IDRiD_74_HE.tif,2868,1219,2924,1303,mic
./dataset/A. Segmentation/2. All Segmentation Groundtruths/b. Testing Set/2. Haemorrhages\IDRiD_74_HE.tif,3215,1190,3244,1236,mic
./dataset/A. Segmentation/2. All Segmentation Groundtruths/b. Testing Set/2. Haemorrhages\IDRiD_74_HE.tif,2936,1187,2964,1225,mic
./dataset/A. Segmentation/2. All Segmentation Groundtruths/b. Testing Set/2. Haemorrhages\IDRiD_74_HE.tif,3488,1150,3528,1226,mic
./dataset/A. Segmentation/2. All Segmentation Groundtruths/b. Testing Set/2. Haemorrhages\IDRiD_74_HE.tif,3442,1145,3474,1162,mic
./dataset/A. Segmentation/2. All Segmentation Groundtruths/b. Testing Set/2. Haemorrhages\IDRiD_74_HE.tif,2827,1110,2853,1148,mic
./dataset/A. Segmentation/2. All Segmentation Groundtruths/b. Testing Set/2. Haemorrhages\IDRiD_74_HE.tif,2850,1048,2897,1087,mic
./dataset/A. Segmentation/2. All Segmentation Groundtruths/b. Testing Set/2. Haemorrhages\IDRiD_74_HE.tif,2443,1048,2473,1083,mic
./dataset/A. Segmentation/2. All Segmentation Groundtruths/b. Testing Set/2. Haemorrhages\IDRiD_74_HE.tif,2955,899,2993,923,mic
./dataset/A. Segmentation/2. All Segmentation Groundtruths/b. Testing Set/2. Haemorrhages\IDRiD_74_HE.tif,2225,769,2281,826,mic
./dataset/A. Segmentation/2. All Segmentation Groundtruths/b. Testing Set/2. Haemorrhages\IDRiD_74_HE.tif,2969,675,3038,723,mic
./dataset/A. Segmentation/2. All Segmentation Groundtruths/b. Testing Set/2. Haemorrhages\IDRiD_74_HE.tif,2673,564,2778,665,mic
./dataset/A. Segmentation/2. All Segmentation Groundtruths/b. Testing Set/2. Haemorrhages\IDRiD_74_HE.tif,2072,201,2113,225,mic
./dataset/A. Segmentation/2. All Segmentation Groundtruths/b. Testing Set/2. Haemorrhages\IDRiD_75_HE.tif,1143,2386,1287,2470,mic
./dataset/A. Segmentation/2. All Segmentation Groundtruths/b. Testing Set/2. Haemorrhages\IDRiD_75_HE.tif,2713,2361,2822,2441,mic
./dataset/A. Segmentation/2. All Segmentation Groundtruths/b. Testing Set/2. Haemorrhages\IDRiD_75_HE.tif,752,2313,855,2403,mic
./dataset/A. Segmentation/2. All Segmentation Groundtruths/b. Testing Set/2. Haemorrhages\IDRiD_75_HE.tif,1904,2222,1953,2259,mic
./dataset/A. Segmentation/2. All Segmentation Groundtruths/b. Testing Set/2. Haemorrhages\IDRiD_75_HE.tif,2351,2170,2380,2212,mic
./dataset/A. Segmentation/2. All Segmentation Groundtruths/b. Testing Set/2. Haemorrhages\IDRiD_75_HE.tif,1731,2140,1774,2168,mic
./dataset/A. Segmentation/2. All Segmentation Groundtruths/b. Testing Set/2. Haemorrhages\IDRiD_75_HE.tif,1627,2113,1649,2127,mic
./dataset/A. Segmentation/2. All Segmentation Groundtruths/b. Testing Set/2. Haemorrhages\IDRiD_75_HE.tif,1606,2063,1667,2111,mic
./dataset/A. Segmentation/2. All Segmentation Groundtruths/b. Testing Set/2. Haemorrhages\IDRiD_75_HE.tif,1429,2014,1455,2038,mic
./dataset/A. Segmentation/2. All Segmentation Groundtruths/b. Testing Set/2. Haemorrhages\IDRiD_75_HE.tif,1413,2011,1431,2034,mic
./dataset/A. Segmentation/2. All Segmentation Groundtruths/b. Testing Set/2. Haemorrhages\IDRiD_75_HE.tif,3123,1989,3396,2251,mic
./dataset/A. Segmentation/2. All Segmentation Groundtruths/b. Testing Set/2. Haemorrhages\IDRiD_75_HE.tif,2623,1873,2656,1904,mic
./dataset/A. Segmentation/2. All Segmentation Groundtruths/b. Testing Set/2. Haemorrhages\IDRiD_75_HE.tif,1323,1869,1381,1908,mic
./dataset/A. Segmentation/2. All Segmentation Groundtruths/b. Testing Set/2. Haemorrhages\IDRiD_75_HE.tif,1321,1802,1373,1845,mic
./dataset/A. Segmentation/2. All Segmentation Groundtruths/b. Testing Set/2. Haemorrhages\IDRiD_75_HE.tif,2618,1617,2669,1659,mic
./dataset/A. Segmentation/2. All Segmentation Groundtruths/b. Testing Set/2. Haemorrhages\IDRiD_75_HE.tif,993,1494,1015,1535,mic
./dataset/A. Segmentation/2. All Segmentation Groundtruths/b. Testing Set/2. Haemorrhages\IDRiD_75_HE.tif,1197,1027,1307,1133,mic
./dataset/A. Segmentation/2. All Segmentation Groundtruths/b. Testing Set/2. Haemorrhages\IDRiD_75_HE.tif,1981,1023,2025,1082,mic
./dataset/A. Segmentation/2. All Segmentation Groundtruths/b. Testing Set/2. Haemorrhages\IDRiD_75_HE.tif,1153,1002,1200,1038,mic
./dataset/A. Segmentation/2. All Segmentation Groundtruths/b. Testing Set/2. Haemorrhages\IDRiD_75_HE.tif,1380,999,1401,1041,mic
./dataset/A. Segmentation/2. All Segmentation Groundtruths/b. Testing Set/2. Haemorrhages\IDRiD_75_HE.tif,1372,778,1459,876,mic
./dataset/A. Segmentation/2. All Segmentation Groundtruths/b. Testing Set/2. Haemorrhages\IDRiD_75_HE.tif,2789,691,2882,827,mic
./dataset/A. Segmentation/2. All Segmentation Groundtruths/b. Testing Set/2. Haemorrhages\IDRiD_75_HE.tif,2742,577,2809,664,mic
./dataset/A. Segmentation/2. All Segmentation Groundtruths/b. Testing Set/2. Haemorrhages\IDRiD_75_HE.tif,2675,517,2742,579,mic
./dataset/A. Segmentation/2. All Segmentation Groundtruths/b. Testing Set/2. Haemorrhages\IDRiD_75_HE.tif,711,413,766,447,mic
./dataset/A. Segmentation/2. All Segmentation Groundtruths/b. Testing Set/2. Haemorrhages\IDRiD_75_HE.tif,2372,409,2624,576,mic
./dataset/A. Segmentation/2. All Segmentation Groundtruths/b. Testing Set/2. Haemorrhages\IDRiD_75_HE.tif,1458,266,1536,323,mic
./dataset/A. Segmentation/2. All Segmentation Groundtruths/b. Testing Set/2. Haemorrhages\IDRiD_75_HE.tif,1960,252,2093,290,mic
./dataset/A. Segmentation/2. All Segmentation Groundtruths/b. Testing Set/2. Haemorrhages\IDRiD_75_HE.tif,1544,210,1632,283,mic
./dataset/A. Segmentation/2. All Segmentation Groundtruths/b. Testing Set/2. Haemorrhages\IDRiD_75_HE.tif,1358,198,1450,291,mic
./dataset/A. Segmentation/2. All Segmentation Groundtruths/b. Testing Set/2. Haemorrhages\IDRiD_75_HE.tif,1664,149,1784,256,mic
./dataset/A. Segmentation/2. All Segmentation Groundtruths/b. Testing Set/2. Haemorrhages\IDRiD_75_HE.tif,2738,84,2795,137,mic
./dataset/A. Segmentation/2. All Segmentation Groundtruths/b. Testing Set/2. Haemorrhages\IDRiD_76_HE.tif,2265,2776,2366,2822,mic
./dataset/A. Segmentation/2. All Segmentation Groundtruths/b. Testing Set/2. Haemorrhages\IDRiD_76_HE.tif,562,2259,696,2378,mic
./dataset/A. Segmentation/2. All Segmentation Groundtruths/b. Testing Set/2. Haemorrhages\IDRiD_76_HE.tif,571,1838,621,1889,mic
./dataset/A. Segmentation/2. All Segmentation Groundtruths/b. Testing Set/2. Haemorrhages\IDRiD_76_HE.tif,2525,1806,2639,1904,mic
./dataset/A. Segmentation/2. All Segmentation Groundtruths/b. Testing Set/2. Haemorrhages\IDRiD_76_HE.tif,765,1661,878,1794,mic
./dataset/A. Segmentation/2. All Segmentation Groundtruths/b. Testing Set/2. Haemorrhages\IDRiD_76_HE.tif,2446,1568,2478,1604,mic
./dataset/A. Segmentation/2. All Segmentation Groundtruths/b. Testing Set/2. Haemorrhages\IDRiD_76_HE.tif,697,1456,735,1533,mic
./dataset/A. Segmentation/2. All Segmentation Groundtruths/b. Testing Set/2. Haemorrhages\IDRiD_76_HE.tif,591,1396,631,1435,mic
./dataset/A. Segmentation/2. All Segmentation Groundtruths/b. Testing Set/2. Haemorrhages\IDRiD_76_HE.tif,1281,1384,1302,1422,mic
./dataset/A. Segmentation/2. All Segmentation Groundtruths/b. Testing Set/2. Haemorrhages\IDRiD_76_HE.tif,989,1202,1027,1246,mic
./dataset/A. Segmentation/2. All Segmentation Groundtruths/b. Testing Set/2. Haemorrhages\IDRiD_76_HE.tif,682,1157,724,1194,mic
./dataset/A. Segmentation/2. All Segmentation Groundtruths/b. Testing Set/2. Haemorrhages\IDRiD_76_HE.tif,2423,1156,2484,1197,mic
./dataset/A. Segmentation/2. All Segmentation Groundtruths/b. Testing Set/2. Haemorrhages\IDRiD_76_HE.tif,905,1110,923,1139,mic
./dataset/A. Segmentation/2. All Segmentation Groundtruths/b. Testing Set/2. Haemorrhages\IDRiD_76_HE.tif,1072,1102,1118,1127,mic
./dataset/A. Segmentation/2. All Segmentation Groundtruths/b. Testing Set/2. Haemorrhages\IDRiD_76_HE.tif,999,1007,1086,1100,mic
./dataset/A. Segmentation/2. All Segmentation Groundtruths/b. Testing Set/2. Haemorrhages\IDRiD_76_HE.tif,1016,949,1061,985,mic
./dataset/A. Segmentation/2. All Segmentation Groundtruths/b. Testing Set/2. Haemorrhages\IDRiD_76_HE.tif,1635,848,1659,858,mic
./dataset/A. Segmentation/2. All Segmentation Groundtruths/b. Testing Set/2. Haemorrhages\IDRiD_76_HE.tif,428,779,490,840,mic
./dataset/A. Segmentation/2. All Segmentation Groundtruths/b. Testing Set/2. Haemorrhages\IDRiD_76_HE.tif,1146,735,1238,778,mic
./dataset/A. Segmentation/2. All Segmentation Groundtruths/b. Testing Set/2. Haemorrhages\IDRiD_76_HE.tif,1064,687,1119,727,mic
./dataset/A. Segmentation/2. All Segmentation Groundtruths/b. Testing Set/2. Haemorrhages\IDRiD_76_HE.tif,623,658,670,691,mic
./dataset/A. Segmentation/2. All Segmentation Groundtruths/b. Testing Set/2. Haemorrhages\IDRiD_76_HE.tif,622,629,659,652,mic
./dataset/A. Segmentation/2. All Segmentation Groundtruths/b. Testing Set/2. Haemorrhages\IDRiD_76_HE.tif,1173,608,1213,667,mic
./dataset/A. Segmentation/2. All Segmentation Groundtruths/b. Testing Set/2. Haemorrhages\IDRiD_76_HE.tif,1845,553,1921,638,mic
./dataset/A. Segmentation/2. All Segmentation Groundtruths/b. Testing Set/2. Haemorrhages\IDRiD_76_HE.tif,1208,524,1249,558,mic
./dataset/A. Segmentation/2. All Segmentation Groundtruths/b. Testing Set/2. Haemorrhages\IDRiD_76_HE.tif,721,502,759,542,mic
./dataset/A. Segmentation/2. All Segmentation Groundtruths/b. Testing Set/2. Haemorrhages\IDRiD_76_HE.tif,533,480,612,556,mic
./dataset/A. Segmentation/2. All Segmentation Groundtruths/b. Testing Set/2. Haemorrhages\IDRiD_76_HE.tif,2976,392,3041,451,mic
./dataset/A. Segmentation/2. All Segmentation Groundtruths/b. Testing Set/2. Haemorrhages\IDRiD_76_HE.tif,1483,330,1599,473,mic
./dataset/A. Segmentation/2. All Segmentation Groundtruths/b. Testing Set/2. Haemorrhages\IDRiD_76_HE.tif,1585,270,1686,392,mic
./dataset/A. Segmentation/2. All Segmentation Groundtruths/b. Testing Set/2. Haemorrhages\IDRiD_76_HE.tif,1467,213,1522,299,mic
./dataset/A. Segmentation/2. All Segmentation Groundtruths/b. Testing Set/2. Haemorrhages\IDRiD_77_HE.tif,1043,2273,1086,2320,mic
./dataset/A. Segmentation/2. All Segmentation Groundtruths/b. Testing Set/2. Haemorrhages\IDRiD_77_HE.tif,926,1920,1036,2029,mic
./dataset/A. Segmentation/2. All Segmentation Groundtruths/b. Testing Set/2. Haemorrhages\IDRiD_77_HE.tif,1123,1732,1156,1767,mic
./dataset/A. Segmentation/2. All Segmentation Groundtruths/b. Testing Set/2. Haemorrhages\IDRiD_77_HE.tif,1462,1590,1504,1635,mic
./dataset/A. Segmentation/2. All Segmentation Groundtruths/b. Testing Set/2. Haemorrhages\IDRiD_77_HE.tif,2280,1410,2315,1459,mic
./dataset/A. Segmentation/2. All Segmentation Groundtruths/b. Testing Set/2. Haemorrhages\IDRiD_77_HE.tif,3416,1389,3478,1446,mic
./dataset/A. Segmentation/2. All Segmentation Groundtruths/b. Testing Set/2. Haemorrhages\IDRiD_77_HE.tif,1717,1249,1741,1275,mic
./dataset/A. Segmentation/2. All Segmentation Groundtruths/b. Testing Set/2. Haemorrhages\IDRiD_77_HE.tif,858,771,895,801,mic
./dataset/A. Segmentation/2. All Segmentation Groundtruths/b. Testing Set/2. Haemorrhages\IDRiD_77_HE.tif,1716,604,1744,622,mic
./dataset/A. Segmentation/2. All Segmentation Groundtruths/b. Testing Set/2. Haemorrhages\IDRiD_77_HE.tif,1647,569,1680,612,mic
./dataset/A. Segmentation/2. All Segmentation Groundtruths/b. Testing Set/2. Haemorrhages\IDRiD_77_HE.tif,2933,561,2979,618,mic
./dataset/A. Segmentation/2. All Segmentation Groundtruths/b. Testing Set/2. Haemorrhages\IDRiD_77_HE.tif,1618,503,1660,530,mic
./dataset/A. Segmentation/2. All Segmentation Groundtruths/b. Testing Set/2. Haemorrhages\IDRiD_77_HE.tif,1667,493,1704,557,mic
./dataset/A. Segmentation/2. All Segmentation Groundtruths/b. Testing Set/2. Haemorrhages\IDRiD_77_HE.tif,2785,423,2839,491,mic
./dataset/A. Segmentation/2. All Segmentation Groundtruths/b. Testing Set/2. Haemorrhages\IDRiD_77_HE.tif,2969,359,3045,434,mic
./dataset/A. Segmentation/2. All Segmentation Groundtruths/b. Testing Set/2. Haemorrhages\IDRiD_77_HE.tif,2732,288,2877,485,mic
./dataset/A. Segmentation/2. All Segmentation Groundtruths/b. Testing Set/2. Haemorrhages\IDRiD_77_HE.tif,2788,282,2812,309,mic
./dataset/A. Segmentation/2. All Segmentation Groundtruths/b. Testing Set/2. Haemorrhages\IDRiD_77_HE.tif,2091,49,2233,124,mic
./dataset/A. Segmentation/2. All Segmentation Groundtruths/b. Testing Set/2. Haemorrhages\IDRiD_78_HE.tif,3213,2477,3248,2506,mic
./dataset/A. Segmentation/2. All Segmentation Groundtruths/b. Testing Set/2. Haemorrhages\IDRiD_78_HE.tif,2724,2038,2737,2081,mic
./dataset/A. Segmentation/2. All Segmentation Groundtruths/b. Testing Set/2. Haemorrhages\IDRiD_78_HE.tif,2200,1524,2243,1554,mic
./dataset/A. Segmentation/2. All Segmentation Groundtruths/b. Testing Set/2. Haemorrhages\IDRiD_78_HE.tif,2308,1445,2632,1568,mic
./dataset/A. Segmentation/2. All Segmentation Groundtruths/b. Testing Set/2. Haemorrhages\IDRiD_78_HE.tif,2815,1432,2855,1470,mic
./dataset/A. Segmentation/2. All Segmentation Groundtruths/b. Testing Set/2. Haemorrhages\IDRiD_78_HE.tif,2358,1326,2628,1451,mic
./dataset/A. Segmentation/2. All Segmentation Groundtruths/b. Testing Set/2. Haemorrhages\IDRiD_78_HE.tif,2931,979,2960,1043,mic
./dataset/A. Segmentation/2. All Segmentation Groundtruths/b. Testing Set/2. Haemorrhages\IDRiD_78_HE.tif,2889,927,2930,982,mic
./dataset/A. Segmentation/2. All Segmentation Groundtruths/b. Testing Set/2. Haemorrhages\IDRiD_78_HE.tif,2880,836,2922,876,mic
./dataset/A. Segmentation/2. All Segmentation Groundtruths/b. Testing Set/2. Haemorrhages\IDRiD_78_HE.tif,2710,806,2850,930,mic
./dataset/A. Segmentation/2. All Segmentation Groundtruths/b. Testing Set/2. Haemorrhages\IDRiD_78_HE.tif,2835,799,2881,837,mic
./dataset/A. Segmentation/2. All Segmentation Groundtruths/b. Testing Set/2. Haemorrhages\IDRiD_78_HE.tif,2648,669,2789,778,mic
./dataset/A. Segmentation/2. All Segmentation Groundtruths/b. Testing Set/2. Haemorrhages\IDRiD_78_HE.tif,3016,519,3040,551,mic
./dataset/A. Segmentation/2. All Segmentation Groundtruths/b. Testing Set/2. Haemorrhages\IDRiD_78_HE.tif,2750,325,2814,385,mic
./dataset/A. Segmentation/2. All Segmentation Groundtruths/b. Testing Set/2. Haemorrhages\IDRiD_78_HE.tif,796,290,841,351,mic
./dataset/A. Segmentation/2. All Segmentation Groundtruths/b. Testing Set/2. Haemorrhages\IDRiD_78_HE.tif,2666,180,2714,204,mic
./dataset/A. Segmentation/2. All Segmentation Groundtruths/b. Testing Set/2. Haemorrhages\IDRiD_78_HE.tif,2144,54,2163,65,mic
./dataset/A. Segmentation/2. All Segmentation Groundtruths/b. Testing Set/2. Haemorrhages\IDRiD_79_HE.tif,1672,2755,1796,2790,mic
./dataset/A. Segmentation/2. All Segmentation Groundtruths/b. Testing Set/2. Haemorrhages\IDRiD_79_HE.tif,1591,2636,1704,2752,mic
./dataset/A. Segmentation/2. All Segmentation Groundtruths/b. Testing Set/2. Haemorrhages\IDRiD_79_HE.tif,1401,2622,1554,2726,mic
./dataset/A. Segmentation/2. All Segmentation Groundtruths/b. Testing Set/2. Haemorrhages\IDRiD_79_HE.tif,2474,2538,2519,2559,mic
./dataset/A. Segmentation/2. All Segmentation Groundtruths/b. Testing Set/2. Haemorrhages\IDRiD_79_HE.tif,926,2440,973,2477,mic
./dataset/A. Segmentation/2. All Segmentation Groundtruths/b. Testing Set/2. Haemorrhages\IDRiD_79_HE.tif,2588,2335,2705,2432,mic
./dataset/A. Segmentation/2. All Segmentation Groundtruths/b. Testing Set/2. Haemorrhages\IDRiD_79_HE.tif,2682,2299,2726,2339,mic
./dataset/A. Segmentation/2. All Segmentation Groundtruths/b. Testing Set/2. Haemorrhages\IDRiD_79_HE.tif,3125,2125,3154,2158,mic
./dataset/A. Segmentation/2. All Segmentation Groundtruths/b. Testing Set/2. Haemorrhages\IDRiD_79_HE.tif,1346,2067,1383,2105,mic
./dataset/A. Segmentation/2. All Segmentation Groundtruths/b. Testing Set/2. Haemorrhages\IDRiD_79_HE.tif,2952,1979,3065,2135,mic
./dataset/A. Segmentation/2. All Segmentation Groundtruths/b. Testing Set/2. Haemorrhages\IDRiD_79_HE.tif,1030,1957,1150,2120,mic
./dataset/A. Segmentation/2. All Segmentation Groundtruths/b. Testing Set/2. Haemorrhages\IDRiD_79_HE.tif,1807,1948,1853,1984,mic
./dataset/A. Segmentation/2. All Segmentation Groundtruths/b. Testing Set/2. Haemorrhages\IDRiD_79_HE.tif,2690,1821,2709,1858,mic
./dataset/A. Segmentation/2. All Segmentation Groundtruths/b. Testing Set/2. Haemorrhages\IDRiD_79_HE.tif,1461,1813,1489,1851,mic
./dataset/A. Segmentation/2. All Segmentation Groundtruths/b. Testing Set/2. Haemorrhages\IDRiD_79_HE.tif,3102,1784,3247,1978,mic
./dataset/A. Segmentation/2. All Segmentation Groundtruths/b. Testing Set/2. Haemorrhages\IDRiD_79_HE.tif,3309,1743,3339,1786,mic
./dataset/A. Segmentation/2. All Segmentation Groundtruths/b. Testing Set/2. Haemorrhages\IDRiD_79_HE.tif,1674,1432,1714,1449,mic
./dataset/A. Segmentation/2. All Segmentation Groundtruths/b. Testing Set/2. Haemorrhages\IDRiD_79_HE.tif,2628,1022,2655,1044,mic
./dataset/A. Segmentation/2. All Segmentation Groundtruths/b. Testing Set/2. Haemorrhages\IDRiD_79_HE.tif,1216,1000,1240,1032,mic
./dataset/A. Segmentation/2. All Segmentation Groundtruths/b. Testing Set/2. Haemorrhages\IDRiD_79_HE.tif,1238,960,1279,1011,mic
./dataset/A. Segmentation/2. All Segmentation Groundtruths/b. Testing Set/2. Haemorrhages\IDRiD_79_HE.tif,337,950,497,1178,mic
./dataset/A. Segmentation/2. All Segmentation Groundtruths/b. Testing Set/2. Haemorrhages\IDRiD_79_HE.tif,2541,945,2604,1038,mic
./dataset/A. Segmentation/2. All Segmentation Groundtruths/b. Testing Set/2. Haemorrhages\IDRiD_79_HE.tif,443,797,470,836,mic
./dataset/A. Segmentation/2. All Segmentation Groundtruths/b. Testing Set/2. Haemorrhages\IDRiD_79_HE.tif,3253,575,3301,634,mic
./dataset/A. Segmentation/2. All Segmentation Groundtruths/b. Testing Set/2. Haemorrhages\IDRiD_79_HE.tif,2132,540,2161,554,mic
./dataset/A. Segmentation/2. All Segmentation Groundtruths/b. Testing Set/2. Haemorrhages\IDRiD_79_HE.tif,747,249,839,347,mic
./dataset/A. Segmentation/2. All Segmentation Groundtruths/b. Testing Set/2. Haemorrhages\IDRiD_79_HE.tif,1767,229,1841,271,mic
./dataset/A. Segmentation/2. All Segmentation Groundtruths/b. Testing Set/2. Haemorrhages\IDRiD_79_HE.tif,2585,192,2627,233,mic
./dataset/A. Segmentation/2. All Segmentation Groundtruths/b. Testing Set/2. Haemorrhages\IDRiD_79_HE.tif,2375,71,2751,195,mic
./dataset/A. Segmentation/2. All Segmentation Groundtruths/b. Testing Set/2. Haemorrhages\IDRiD_79_HE.tif,1586,36,1604,71,mic
./dataset/A. Segmentation/2. All Segmentation Groundtruths/b. Testing Set/2. Haemorrhages\IDRiD_79_HE.tif,1643,29,1709,106,mic
./dataset/A. Segmentation/2. All Segmentation Groundtruths/b. Testing Set/2. Haemorrhages\IDRiD_80_HE.tif,2308,-1,2469,146,mic
./dataset/A. Segmentation/2. All Segmentation Groundtruths/b. Testing Set/2. Haemorrhages\IDRiD_81_HE.tif,3065,2609,3144,2677,mic
./dataset/A. Segmentation/2. All Segmentation Groundtruths/b. Testing Set/2. Haemorrhages\IDRiD_81_HE.tif,2616,2038,2637,2068,mic
./dataset/A. Segmentation/2. All Segmentation Groundtruths/b. Testing Set/2. Haemorrhages\IDRiD_81_HE.tif,1978,1844,2014,1890,mic
./dataset/A. Segmentation/2. All Segmentation Groundtruths/b. Testing Set/2. Haemorrhages\IDRiD_81_HE.tif,1555,1653,1571,1679,mic
./dataset/A. Segmentation/2. All Segmentation Groundtruths/b. Testing Set/2. Haemorrhages\IDRiD_81_HE.tif,1565,1558,1594,1617,mic
./dataset/A. Segmentation/2. All Segmentation Groundtruths/b. Testing Set/2. Haemorrhages\IDRiD_81_HE.tif,3150,1281,3173,1309,mic
./dataset/A. Segmentation/2. All Segmentation Groundtruths/b. Testing Set/2. Haemorrhages\IDRiD_81_HE.tif,2090,1172,2161,1276,mic
./dataset/A. Segmentation/2. All Segmentation Groundtruths/b. Testing Set/2. Haemorrhages\IDRiD_81_HE.tif,1156,1092,1202,1145,mic
./dataset/A. Segmentation/2. All Segmentation Groundtruths/b. Testing Set/2. Haemorrhages\IDRiD_81_HE.tif,3530,919,3583,1015,mic
./dataset/A. Segmentation/2. All Segmentation Groundtruths/b. Testing Set/2. Haemorrhages\IDRiD_81_HE.tif,2414,894,2464,925,mic
./dataset/A. Segmentation/2. All Segmentation Groundtruths/b. Testing Set/2. Haemorrhages\IDRiD_81_HE.tif,3193,755,3375,1040,mic
./dataset/A. Segmentation/2. All Segmentation Groundtruths/b. Testing Set/2. Haemorrhages\IDRiD_81_HE.tif,1515,452,1566,496,mic
./dataset/A. Segmentation/2. All Segmentation Groundtruths/b. Testing Set/2. Haemorrhages\IDRiD_81_HE.tif,1921,84,2005,154,mic
